property_id,source,title,url,price,rooms,bathrooms,sqm,has_pool,has_ac,orientation,property_type,operation,city,district,neighborhood,postal_code,latitude,longitude,energy_rating,year_built,floor,terrace,elevator,parking,is_favourite,similarity_score,similarity_profile,first_seen,last_seen,status,price_first_seen
amat_practica-i-accesible-planta-baixa-a-tocar-del-monestir,amat,"Pràctica i accesible planta baixa, a tocar del Monestir",https://www.amatimmobiliaris.com/ca/venda/apartament-pis/barcelona/sant-cugat-del-valles/practica-i-accesible-planta-baixa-a-tocar-del-monestir,310000.0,2.0,1.0,59.0,0,0,,,,Sant Cugat del Vallès,,,,,,,,,0,0,0,0,,,2026-04-29T19:06:06+00:00,2026-05-09T14:21:20+00:00,active,310000.0
amat_fantastica-casa-de-disseny-a-mirasol,amat,Fantàstica casa de disseny a Mirasol,https://www.amatimmobiliaris.com/ca/venda/casa/barcelona/sant-cugat-del-valles/fantastica-casa-de-disseny-a-mirasol,1225000.0,5.0,4.0,254.0,0,0,,,,Sant Cugat del Vallès,,,,,,,,,0,0,0,0,,,2026-04-29T19:06:06+00:00,2026-05-09T14:21:20+00:00,active,1225000.0
amat_casa-a-sant-cugat-dos-habitatges-en-un,amat,Casa a Sant Cugat: Dos habitatges en un,https://www.amatimmobiliaris.com/ca/venda/casa/barcelona/sant-cugat-del-valles/casa-a-sant-cugat-dos-habitatges-en-un,845000.0,6.0,3.0,285.0,0,0,,,,Sant Cugat del Vallès,,,,,,,,,0,0,0,0,,,2026-04-29T19:06:06+00:00,2026-04-29T19:08:50+00:00,active,845000.0
amat_placa-daparcament-en-venda-al-centre,amat,Plaça d'aparcament en venda al centre,https://www.amatimmobiliaris.com/ca/venda/placa-parking/barcelona/sant-cugat-del-valles/placa-daparcament-en-venda-al-centre,20000.0,,,,0,0,,,,Sant Cugat del Vallès,,,,,,,,,0,0,0,0,,,2026-04-29T19:06:06+00:00,2026-05-09T14:21:20+00:00,active,20000.0
amat_magnifica-casa-al-golf-amb-grans-espais,amat,"Magnífica casa al Golf, amb grans espais",https://www.amatimmobiliaris.com/ca/venda/casa/barcelona/sant-cugat-del-valles/magnifica-casa-al-golf-amb-grans-espais,1575000.0,6.0,6.0,566.0,0,0,,,,Sant Cugat del Vallès,,,,,,,,,0,0,0,0,,,2026-04-29T19:06:06+00:00,2026-05-09T14:21:20+00:00,active,1575000.0
qgat_homes_ref-1717,qgat_homes,Casa amb vistes a Mirasol,https://www.qgathomes.com/ca/venda/a-barcelona-sant_cugat_del_valles/ref-1717,1150000.0,5.0,4.0,278.0,0,0,,,,Sant Cugat del Vallès,,,,,,,,,0,0,0,0,,,2026-05-09T11:22:01+00:00,2026-05-09T11:53:37+00:00,active,1150000.0
qgat_homes_ref-1682,qgat_homes,Casa amb vistes a Mirasol,https://www.qgathomes.com/ca/venda/a-barcelona-sant_cugat_del_valles/ref-1682,1150000.0,5.0,4.0,278.0,0,0,,,,Sant Cugat del Vallès,,,,,,,,,0,0,0,0,,,2026-05-09T11:22:01+00:00,2026-05-09T11:53:37+00:00,active,1150000.0
qgat_homes_ref-1716,qgat_homes,Àtic en venda a Sant Cugat del Vallès - Can Mates,https://www.qgathomes.com/ca/venda/a-barcelona-sant_cugat_del_valles/ref-1716,615000.0,3.0,2.0,111.0,0,0,,,,Sant Cugat del Vallès,,,,,,,,,0,0,0,0,,,2026-05-09T11:22:01+00:00,2026-05-09T11:53:37+00:00,active,615000.0
qgat_homes_ref-1699,qgat_homes,Cases en venda a Sant Cugat del Vallès - Valldoreix,https://www.qgathomes.com/ca/venda/a-barcelona-sant_cugat_del_valles/ref-1699,589000.0,1.0,1.0,60.0,0,0,,,,Sant Cugat del Vallès,,,,,,,,,0,0,0,0,,,2026-05-09T11:22:01+00:00,2026-05-09T11:53:37+00:00,active,589000.0
qgat_homes_ref-1685,qgat_homes,Casa adossada a Sant Domenech,https://www.qgathomes.com/ca/venda/a-barcelona-sant_cugat_del_valles/ref-1685,775000.0,4.0,2.0,171.0,0,0,,,,Sant Cugat del Vallès,,,,,,,,,0,0,0,0,,,2026-05-09T11:22:01+00:00,2026-05-09T11:53:37+00:00,active,775000.0
qgat_homes_ref-1714,qgat_homes,Local Comercial en venda a Sant Cugat del Vallès - Centro - Estación,https://www.qgathomes.com/ca/venda/a-barcelona-sant_cugat_del_valles/ref-1714,395000.0,,2.0,334.0,0,0,,,,Sant Cugat del Vallès,,,,,,,,,0,0,0,0,,,2026-05-09T11:22:01+00:00,2026-05-09T11:53:37+00:00,active,395000.0
qgat_homes_ref-1710,qgat_homes,Garatge en venda i lloguer a Sant Cugat del Vallès - Volpelleres,https://www.qgathomes.com/ca/venda/a-barcelona-sant_cugat_del_valles/ref-1710,8000.0,,,10.0,0,0,,,,Sant Cugat del Vallès,,,,,,,,,0,0,0,0,,,2026-05-09T11:22:01+00:00,2026-05-09T11:53:37+00:00,active,8000.0
qgat_homes_ref-1709,qgat_homes,Garatge en venda i lloguer a Sant Cugat del Vallès - Volpelleres,https://www.qgathomes.com/ca/venda/a-barcelona-sant_cugat_del_valles/ref-1709,14000.0,,,11.0,0,0,,,,Sant Cugat del Vallès,,,,,,,,,0,0,0,0,,,2026-05-09T11:22:01+00:00,2026-05-09T11:53:37+00:00,active,14000.0
qgat_homes_ref-1635,qgat_homes,Magnífic xalet adossat a Sant Cugat,https://www.qgathomes.com/ca/venda/a-barcelona-sant_cugat_del_valles/ref-1635,1445000.0,5.0,3.0,360.0,0,0,,,,Sant Cugat del Vallès,,,,,,,,,0,0,0,0,,,2026-05-09T11:22:01+00:00,2026-05-09T11:53:37+00:00,active,1445000.0
qgat_homes_ref-1707,qgat_homes,Àtic en venda a Sant Cugat del Vallès - Parc Central,https://www.qgathomes.com/ca/venda/a-barcelona-sant_cugat_del_valles/ref-1707,619000.0,3.0,2.0,108.0,0,0,,,,Sant Cugat del Vallès,,,,,,,,,0,0,0,0,,,2026-05-09T11:22:01+00:00,2026-05-09T11:53:37+00:00,active,619000.0
qgat_homes_ref-1705,qgat_homes,Àtic dúplex a Volpelleres amb 2 places d´aparcament,https://www.qgathomes.com/ca/venda/a-barcelona-sant_cugat_del_valles/ref-1705,750000.0,3.0,2.0,123.0,0,0,,,,Sant Cugat del Vallès,,,,,,,,,0,0,0,0,,,2026-05-09T11:22:01+00:00,2026-05-09T11:53:37+00:00,active,750000.0
qgat_homes_ref-1668,qgat_homes,"Adossada amb piscina a Eixample, Sant Cugat del Vallès",https://www.qgathomes.com/ca/venda/a-barcelona-sant_cugat_del_valles/ref-1668,1285000.0,4.0,2.0,224.0,1,0,,,,Sant Cugat del Vallès,,,,,,,,,0,0,0,0,,,2026-05-09T11:22:01+00:00,2026-05-09T11:53:37+00:00,active,1285000.0
qgat_homes_ref-1584,qgat_homes,Parcel·la amb construcció existent i documentació Tècnica a la Floresta,https://www.qgathomes.com/ca/venda/a-barcelona-sant_cugat_del_valles/ref-1584,449000.0,,,587.0,0,0,,,,Sant Cugat del Vallès,,,,,,,,,0,0,0,0,,,2026-05-09T11:53:37+00:00,2026-05-09T11:53:37+00:00,active,449000.0
qgat_homes_ref-1687,qgat_homes,Xalet Independent en venda a Sant Cugat del Vallès - Valldoreix,https://www.qgathomes.com/ca/venda/a-barcelona-sant_cugat_del_valles/ref-1687,1750000.0,5.0,4.0,598.0,0,0,,,,Sant Cugat del Vallès,,,,,,,,,0,0,0,0,,,2026-05-09T11:53:37+00:00,2026-05-09T11:53:37+00:00,active,1750000.0
qgat_homes_ref-1691,qgat_homes,Estudi en venda a Sant Cugat del Vallès - Mas Gener,https://www.qgathomes.com/ca/venda/a-barcelona-sant_cugat_del_valles/ref-1691,315000.0,2.0,2.0,65.0,0,0,,,,Sant Cugat del Vallès,,,,,,,,,0,0,0,0,,,2026-05-09T11:53:37+00:00,2026-05-09T11:53:37+00:00,active,315000.0
qgat_homes_ref-1703,qgat_homes,Xalet Independent en venda a Sant Cugat del Vallès - Valldoreix,https://www.qgathomes.com/ca/venda/a-barcelona-sant_cugat_del_valles/ref-1703,970000.0,3.0,3.0,155.0,0,0,,,,Sant Cugat del Vallès,,,,,,,,,0,0,0,0,,,2026-05-09T11:53:37+00:00,2026-05-09T11:53:37+00:00,active,970000.0
qgat_homes_ref-1523,qgat_homes,Local Comercial en venda a Sant Cugat del Vallès,https://www.qgathomes.com/ca/venda/a-barcelona-sant_cugat_del_valles/ref-1523,94000.0,,1.0,38.0,0,0,,,,Sant Cugat del Vallès,,,,,,,,,0,0,0,0,,,2026-05-09T11:53:37+00:00,2026-05-09T11:53:37+00:00,active,94000.0
qgat_homes_ref-1701,qgat_homes,Cases en venda a Sant Cugat del Vallès - La Floresta,https://www.qgathomes.com/ca/venda/a-barcelona-sant_cugat_del_valles/ref-1701,850000.0,4.0,2.0,269.0,0,0,,,,Sant Cugat del Vallès,,,,,,,,,0,0,0,0,,,2026-05-09T11:53:37+00:00,2026-05-09T11:53:37+00:00,active,850000.0
qgat_homes_ref-1696,qgat_homes,Terreny en venda a Sant Cugat del Vallès - Les Planes,https://www.qgathomes.com/ca/venda/a-barcelona-sant_cugat_del_valles/ref-1696,149000.0,,,736.0,0,0,,,,Sant Cugat del Vallès,,,,,,,,,0,0,0,0,,,2026-05-09T11:53:37+00:00,2026-05-09T11:53:37+00:00,active,149000.0
qgat_homes_ref-1694,qgat_homes,Casa en venda a Mas Gener. Mirasol.,https://www.qgathomes.com/ca/venda/a-barcelona-sant_cugat_del_valles/ref-1694,795000.0,4.0,2.0,157.0,0,0,,,,Sant Cugat del Vallès,,,,,,,,,0,0,0,0,,,2026-05-09T11:53:37+00:00,2026-05-09T11:53:37+00:00,active,795000.0
qgat_homes_ref-1676,qgat_homes,"Casa amb gran potencial a Valldoreix | Jardí, piscina i múltiples possibilitats",https://www.qgathomes.com/ca/venda/a-barcelona-sant_cugat_del_valles/ref-1676,1100000.0,8.0,3.0,278.0,1,0,,,,Sant Cugat del Vallès,,,,,,,,,0,0,0,0,,,2026-05-09T11:53:37+00:00,2026-05-09T11:53:37+00:00,active,1100000.0
qgat_homes_ref-1689,qgat_homes,Xalet Independent en venda a Sant Cugat del Vallès - Can Barata,https://www.qgathomes.com/ca/venda/a-barcelona-sant_cugat_del_valles/ref-1689,549000.0,2.0,1.0,174.0,0,0,,,,Sant Cugat del Vallès,,,,,,,,,0,0,0,0,,,2026-05-09T11:53:37+00:00,2026-05-09T11:53:37+00:00,active,549000.0
qgat_homes_ref-1581,qgat_homes,Xalet Independent en venda a Sant Cugat del Vallès - Arxiu,https://www.qgathomes.com/ca/venda/a-barcelona-sant_cugat_del_valles/ref-1581,2450000.0,7.0,6.0,670.0,0,0,,,,Sant Cugat del Vallès,,,,,,,,,0,0,0,0,,,2026-05-09T11:53:37+00:00,2026-05-09T11:53:37+00:00,active,2450000.0
qgat_homes_ref-1684,qgat_homes,Xalet Independent en venda a Sant Cugat del Vallès - Mas Gener,https://www.qgathomes.com/ca/venda/a-barcelona-sant_cugat_del_valles/ref-1684,1245000.0,5.0,4.0,535.0,0,0,,,,Sant Cugat del Vallès,,,,,,,,,0,0,0,0,,,2026-05-09T11:53:37+00:00,2026-05-09T11:53:37+00:00,active,1245000.0
qgat_homes_ref-1683,qgat_homes,Cases en venda a Sant Cugat del Vallès - La Floresta,https://www.qgathomes.com/ca/venda/a-barcelona-sant_cugat_del_valles/ref-1683,620000.0,4.0,1.0,79.0,0,0,,,,Sant Cugat del Vallès,,,,,,,,,0,0,0,0,,,2026-05-09T11:53:37+00:00,2026-05-09T11:53:37+00:00,active,620000.0
qgat_homes_ref-1671,qgat_homes,Terreny en venda a Sant Cugat del Vallès - Valldoreix,https://www.qgathomes.com/ca/venda/a-barcelona-sant_cugat_del_valles/ref-1671,589000.0,,,601.0,0,0,,,,Sant Cugat del Vallès,,,,,,,,,0,0,0,0,,,2026-05-09T11:53:37+00:00,2026-05-09T11:53:37+00:00,active,589000.0
qgat_homes_ref-1592,qgat_homes,Gran casa a rehabilitar a Mirasol,https://www.qgathomes.com/ca/venda/a-barcelona-sant_cugat_del_valles/ref-1592,1300000.0,8.0,5.0,903.0,0,0,,,,Sant Cugat del Vallès,,,,,,,,,0,0,0,0,,,2026-05-09T11:53:37+00:00,2026-05-09T11:53:37+00:00,active,1300000.0
qgat_homes_ref-1643,qgat_homes,Finca amb gran parcel·la a Valldoreix,https://www.qgathomes.com/ca/venda/a-barcelona-sant_cugat_del_valles/ref-1643,3090000.0,,,602.0,0,0,,,,Sant Cugat del Vallès,,,,,,,,,0,0,0,0,,,2026-05-09T11:53:37+00:00,2026-05-09T11:53:37+00:00,active,3090000.0
qgat_homes_ref-1661,qgat_homes,Cases en venda a Sant Cugat del Vallès,https://www.qgathomes.com/ca/venda/a-barcelona-sant_cugat_del_valles/ref-1661,800000.0,5.0,3.0,212.0,0,0,,,,Sant Cugat del Vallès,,,,,,,,,0,0,0,0,,,2026-05-09T11:53:37+00:00,2026-05-09T11:53:37+00:00,active,800000.0
qgat_homes_ref-1667,qgat_homes,Cases en venda a Sant Cugat del Vallès - La Floresta,https://www.qgathomes.com/ca/venda/a-barcelona-sant_cugat_del_valles/ref-1667,595000.0,8.0,3.0,403.0,0,0,,,,Sant Cugat del Vallès,,,,,,,,,0,0,0,0,,,2026-05-09T11:53:37+00:00,2026-05-09T11:53:37+00:00,active,595000.0
qgat_homes_ref-1670,qgat_homes,Fantàstic Local Comercial a l'Estació de Sant Cugat,https://www.qgathomes.com/ca/venda/a-barcelona-sant_cugat_del_valles/ref-1670,195000.0,,2.0,69.0,0,0,,,,Sant Cugat del Vallès,,,,,,,,,0,0,0,0,,,2026-05-09T11:53:37+00:00,2026-05-09T11:53:37+00:00,active,195000.0
qgat_homes_ref-1641,qgat_homes,Pis a parc central amb piscina comunitària i garatge,https://www.qgathomes.com/ca/venda/a-barcelona-sant_cugat_del_valles/ref-1641,899000.0,4.0,2.0,150.0,1,0,,,,Sant Cugat del Vallès,,,,,,,,,0,0,0,0,,,2026-05-09T11:53:37+00:00,2026-05-09T11:53:37+00:00,active,899000.0
qgat_homes_ref-1663,qgat_homes,Pis en venda a Sant Cugat del Vallès - Can Mates,https://www.qgathomes.com/ca/venda/a-barcelona-sant_cugat_del_valles/ref-1663,625000.0,3.0,2.0,115.0,0,0,,,,Sant Cugat del Vallès,,,,,,,,,0,0,0,0,,,2026-05-09T11:53:37+00:00,2026-05-09T11:53:37+00:00,active,625000.0
qgat_homes_ref-1634,qgat_homes,Parcela plana urbana en Valldoreix,https://www.qgathomes.com/ca/venda/a-barcelona-sant_cugat_del_valles/ref-1634,995000.0,,,929.0,0,0,,,,Sant Cugat del Vallès,,,,,,,,,0,0,0,0,,,2026-05-09T11:53:37+00:00,2026-05-09T11:53:37+00:00,active,995000.0
qgat_homes_ref-1654,qgat_homes,Casa amb piscina a Valldoreix,https://www.qgathomes.com/ca/venda/a-barcelona-sant_cugat_del_valles/ref-1654,1190000.0,6.0,5.0,382.0,1,0,,,,Sant Cugat del Vallès,,,,,,,,,0,0,0,0,,,2026-05-09T11:53:37+00:00,2026-05-09T11:53:37+00:00,active,1190000.0
qgat_homes_ref-1499,qgat_homes,Xalet independent a pocs minuts estació FGC Valldoreix,https://www.qgathomes.com/ca/venda/a-barcelona-sant_cugat_del_valles/ref-1499,1035000.0,8.0,6.0,494.0,0,0,,,,Sant Cugat del Vallès,,,,,,,,,0,0,0,0,,,2026-05-09T11:53:37+00:00,2026-05-09T11:53:37+00:00,active,1035000.0
qgat_homes_ref-1646,qgat_homes,Xalet Independent en venda a Sant Cugat del Vallès - Arxiu,https://www.qgathomes.com/ca/venda/a-barcelona-sant_cugat_del_valles/ref-1646,1774000.0,5.0,4.0,381.0,0,0,,,,Sant Cugat del Vallès,,,,,,,,,0,0,0,0,,,2026-05-09T11:53:37+00:00,2026-05-09T11:53:37+00:00,active,1774000.0
qgat_homes_ref-1611,qgat_homes,Xalet Independent en venda a Sant Cugat del Vallès - Valldoreix,https://www.qgathomes.com/ca/venda/a-barcelona-sant_cugat_del_valles/ref-1611,1295000.0,6.0,3.0,292.0,0,0,,,,Sant Cugat del Vallès,,,,,,,,,0,0,0,0,,,2026-05-09T11:53:37+00:00,2026-05-09T11:53:37+00:00,active,1295000.0
qgat_homes_ref-1617,qgat_homes,Oficina lluminosa en edifici corporatiu exclusiu a Sant Cugat,https://www.qgathomes.com/ca/venda/a-barcelona-sant_cugat_del_valles/ref-1617,270000.0,,3.0,90.0,0,0,,,,Sant Cugat del Vallès,,,,,,,,,0,0,0,0,,,2026-05-09T11:53:37+00:00,2026-05-09T11:53:37+00:00,active,270000.0
qgat_homes_ref-1460,qgat_homes,"Xalet independent amb impressionants vistes a la Floresta, Sant Cugat del Vallès",https://www.qgathomes.com/ca/venda/a-barcelona-sant_cugat_del_valles/ref-1460,949000.0,6.0,4.0,426.0,0,0,,,,Sant Cugat del Vallès,,,,,,,,,0,0,0,0,,,2026-05-09T11:53:37+00:00,2026-05-09T11:53:37+00:00,active,949000.0
qgat_homes_ref-1392,qgat_homes,Parcel·la plana en venda a Mirasol,https://www.qgathomes.com/ca/venda/a-barcelona-sant_cugat_del_valles/ref-1392,550000.0,,,725.0,0,0,,,,Sant Cugat del Vallès,,,,,,,,,0,0,0,0,,,2026-05-09T11:53:37+00:00,2026-05-09T11:53:37+00:00,active,550000.0
qgat_homes_ref-1610,qgat_homes,Adossat en venda a Sant Cugat del Vallès - Parc Central,https://www.qgathomes.com/ca/venda/a-barcelona-sant_cugat_del_valles/ref-1610,930000.0,4.0,3.0,147.0,0,0,,,,Sant Cugat del Vallès,,,,,,,,,0,0,0,0,,,2026-05-09T11:53:37+00:00,2026-05-09T11:53:37+00:00,active,930000.0
qgat_homes_ref-1570,qgat_homes,Cases en venda a Sant Cugat del Vallès - Valldoreix,https://www.qgathomes.com/ca/venda/a-barcelona-sant_cugat_del_valles/ref-1570,795000.0,5.0,1.0,180.0,0,0,,,,Sant Cugat del Vallès,,,,,,,,,0,0,0,0,,,2026-05-09T11:53:37+00:00,2026-05-09T11:53:37+00:00,active,795000.0
qgat_homes_ref-1535,qgat_homes,Garatge en venda a Sant Cugat del Vallès - Can Mates,https://www.qgathomes.com/ca/venda/a-barcelona-sant_cugat_del_valles/ref-1535,14000.0,,,10.0,0,0,,,,Sant Cugat del Vallès,,,,,,,,,0,0,0,0,,,2026-05-09T11:53:37+00:00,2026-05-09T11:53:37+00:00,active,14000.0
qgat_homes_ref-1596,qgat_homes,Terreny en venda a Sant Cugat del Vallès - La Floresta,https://www.qgathomes.com/ca/venda/a-barcelona-sant_cugat_del_valles/ref-1596,180000.0,,,558.0,0,0,,,,Sant Cugat del Vallès,,,,,,,,,0,0,0,0,,,2026-05-09T11:53:37+00:00,2026-05-09T11:53:37+00:00,active,180000.0
qgat_homes_ref-1580,qgat_homes,Xalet Independent en venda a Sant Cugat del Vallès,https://www.qgathomes.com/ca/venda/a-barcelona-sant_cugat_del_valles/ref-1580,870000.0,6.0,4.0,285.0,0,0,,,,Sant Cugat del Vallès,,,,,,,,,0,0,0,0,,,2026-05-09T11:53:37+00:00,2026-05-09T11:53:37+00:00,active,870000.0
qgat_homes_ref-1519,qgat_homes,Garatge en venda a Sant Cugat del Vallès,https://www.qgathomes.com/ca/venda/a-barcelona-sant_cugat_del_valles/ref-1519,11000.0,,,9.0,0,0,,,,Sant Cugat del Vallès,,,,,,,,,0,0,0,0,,,2026-05-09T11:53:37+00:00,2026-05-09T11:53:37+00:00,active,11000.0
qgat_homes_ref-1243,qgat_homes,Terreny en venda a Sant Cugat del Vallès,https://www.qgathomes.com/ca/venda/a-barcelona-sant_cugat_del_valles/ref-1243,140000.0,,,950.0,0,0,,,,Sant Cugat del Vallès,,,,,,,,,0,0,0,0,,,2026-05-09T11:53:37+00:00,2026-05-09T11:53:37+00:00,active,140000.0
qgat_homes_ref-1012,qgat_homes,Terreny en venda a La Floresta,https://www.qgathomes.com/ca/venda/a-barcelona-sant_cugat_del_valles/ref-1012,145000.0,,,1.0,0,0,,,,Sant Cugat del Vallès,,,,,,,,,0,0,0,0,,,2026-05-09T11:53:37+00:00,2026-05-09T11:53:37+00:00,active,145000.0
qgat_homes_ref-1373,qgat_homes,Nau Industrial en venda a Sant Cugat del Vallès - Centro - Estación,https://www.qgathomes.com/ca/venda/a-barcelona-sant_cugat_del_valles/ref-1373,580000.0,,,772.0,0,0,,,,Sant Cugat del Vallès,,,,,,,,,0,0,0,0,,,2026-05-09T11:53:37+00:00,2026-05-09T11:53:37+00:00,active,580000.0
qgat_homes_ref-1380,qgat_homes,Nau Industrial en venda a Sant Cugat del Vallès - Centro - Estación,https://www.qgathomes.com/ca/venda/a-barcelona-sant_cugat_del_valles/ref-1380,550000.0,,,765.0,0,0,,,,Sant Cugat del Vallès,,,,,,,,,0,0,0,0,,,2026-05-09T11:53:37+00:00,2026-05-09T11:53:37+00:00,active,550000.0
qgat_homes_ref-1369,qgat_homes,Parcela en Valldoreix con vistas Montserrat,https://www.qgathomes.com/ca/venda/a-barcelona-sant_cugat_del_valles/ref-1369,189000.0,,,285.0,0,0,,,,Sant Cugat del Vallès,,,,,,,,,0,0,0,0,,,2026-05-09T11:53:37+00:00,2026-05-09T11:53:37+00:00,active,189000.0
finques_soler_82,finques_soler,124 m² y 4 habs,https://solerfinques.com/propiedades/compra/viviendas/barcelona-province/sant-cugat-del-valles/detalle/82,780000.0,4.0,2.0,124.0,0,0,,,,Sant Cugat del Vallès,,,,,,,,,0,0,0,0,,,2026-05-09T12:31:33+00:00,2026-05-09T14:18:07+00:00,active,780000.0
finques_soler_76,finques_soler,Apartamento y 75 m²,https://solerfinques.com/propiedades/compra/viviendas/barcelona-province/rubi/detalle/76,279000.0,,,75.0,0,0,,,,Sant Cugat del Vallès,,,,,,,,,0,0,0,0,,,2026-05-09T12:31:33+00:00,2026-05-09T14:18:07+00:00,active,279000.0
finques_soler_77,finques_soler,Dúplex y 85 m²,https://solerfinques.com/propiedades/compra/viviendas/barcelona-province/rubi/detalle/77,309000.0,,,85.0,0,0,,,,Sant Cugat del Vallès,,,,,,,,,0,0,0,0,,,2026-05-09T12:31:33+00:00,2026-05-09T14:18:07+00:00,active,309000.0
finques_soler_66,finques_soler,"Unifamiliar adosada, 408 m² y 5 habs",https://solerfinques.com/propiedades/compra/viviendas/barcelona-province/sant-cugat-del-valles/detalle/66,,5.0,5.0,408.0,0,0,,,,Sant Cugat del Vallès,,,,,,,,,0,0,0,0,,,2026-05-09T12:31:33+00:00,2026-05-09T14:18:07+00:00,active,
finques_soler_62,finques_soler,Casa rural y 500 m²,https://solerfinques.com/propiedades/compra/viviendas/barcelona-province/sant-cugat-del-valles/detalle/62,1700000.0,,,500.0,0,0,,,,Sant Cugat del Vallès,,,,,,,,,0,0,0,0,,,2026-05-09T12:31:33+00:00,2026-05-09T14:18:07+00:00,active,1700000.0
finques_soler_60,finques_soler,"Chalet / Torre, 135 m² y 3 habs",https://solerfinques.com/propiedades/compra/viviendas/barcelona-province/sant-cugat-del-valles/detalle/60,825000.0,3.0,2.0,135.0,0,0,,,,Sant Cugat del Vallès,,,,,,,,,0,0,0,0,,,2026-05-09T12:31:33+00:00,2026-05-09T14:18:07+00:00,active,825000.0
finques_soler_58,finques_soler,74 m² y 2 habs,https://solerfinques.com/propiedades/compra/viviendas/barcelona-province/rubi/detalle/58,259000.0,2.0,1.0,74.0,0,0,,,,Sant Cugat del Vallès,,,,,,,,,0,0,0,0,,,2026-05-09T12:31:33+00:00,2026-05-09T14:18:07+00:00,active,259000.0
finques_soler_59,finques_soler,63 m² y 2 habs,https://solerfinques.com/propiedades/compra/viviendas/barcelona-province/rubi/detalle/59,269000.0,2.0,1.0,63.0,0,0,,,,Sant Cugat del Vallès,,,,,,,,,0,0,0,0,,,2026-05-09T12:31:33+00:00,2026-05-09T14:18:07+00:00,active,269000.0
finques_soler_52,finques_soler,116 m²,https://solerfinques.com/propiedades/compra/viviendas/barcelona-province/sant-cugat-del-valles/detalle/52,720000.0,,,116.0,0,0,,,,Sant Cugat del Vallès,,,,,,,,,0,0,0,0,,,2026-05-09T12:31:33+00:00,2026-05-09T14:18:07+00:00,active,720000.0
amat_casa-amb-encant-a-zona-mas-gener-de-mirasol,amat,"Casa amb encant, a zona Mas Gener de Mirasol",https://www.amatimmobiliaris.com/ca/venda/casa/barcelona/sant-cugat-del-valles/casa-amb-encant-a-zona-mas-gener-de-mirasol,665000.0,2.0,1.0,78.0,0,0,,,,Sant Cugat del Vallès,,,,,,,,,0,0,0,0,,,2026-05-09T14:21:20+00:00,2026-05-09T14:21:20+00:00,active,665000.0
amat_estape-atic-nou-amb-grans-terrasses-i-piscina,amat,ESTAPE- Àtic nou amb grans terrasses i piscina,https://www.amatimmobiliaris.com/ca/venda/apartament-pis/barcelona/sant-cugat-del-valles/estape-atic-nou-amb-grans-terrasses-i-piscina,1497000.0,3.0,2.0,111.0,1,0,,,,Sant Cugat del Vallès,,,,,,,,,0,0,0,0,,,2026-05-09T14:21:20+00:00,2026-05-09T14:21:20+00:00,active,1497000.0
amat_estape-atic-nou-amb-gran-terrassa-i-piscina,amat,ESTAPE- Àtic nou amb gran terrassa i piscina,https://www.amatimmobiliaris.com/ca/venda/apartament-pis/barcelona/sant-cugat-del-valles/estape-atic-nou-amb-gran-terrassa-i-piscina,1253000.0,3.0,2.0,109.0,1,0,,,,Sant Cugat del Vallès,,,,,,,,,0,0,0,0,,,2026-05-09T14:21:20+00:00,2026-05-09T14:21:20+00:00,active,1253000.0
amat_granados-planta-baixa-nova-amb-jardi-i-piscina,amat,GRANADOS - Planta baixa nova amb jardí i piscina,https://www.amatimmobiliaris.com/ca/venda/apartament-pis/barcelona/sant-cugat-del-valles/granados-planta-baixa-nova-amb-jardi-i-piscina,1560000.0,3.0,4.0,232.0,1,0,,,,Sant Cugat del Vallès,,,,,,,,,0,0,0,0,,,2026-05-09T14:21:20+00:00,2026-05-09T14:21:20+00:00,active,1560000.0
amat_granados-atic-nou-amb-gran-terrassa-i-piscina,amat,GRANADOS - Àtic nou amb gran terrassa i piscina,https://www.amatimmobiliaris.com/ca/venda/apartament-pis/barcelona/sant-cugat-del-valles/granados-atic-nou-amb-gran-terrassa-i-piscina,970000.0,4.0,2.0,80.0,1,0,,,,Sant Cugat del Vallès,,,,,,,,,0,0,0,0,,,2026-05-09T14:21:20+00:00,2026-05-09T14:21:20+00:00,active,970000.0
bachs_finques_descubre-este-espectacular-piso-en-sant-cugat-del-valles-en-la-tranquila-zona-de-vullpalleres,bachs_finques,¡Descubre este espectacular piso en Sant Cug...,https://www.finquesbachs.com/immoble/descubre-este-espectacular-piso-en-sant-cugat-del-valles-en-la-tranquila-zona-de-vullpalleres/,625000.0,3.0,2.0,95.0,0,0,,,,Sant Cugat del Vallès,,,,,,,,,0,0,0,0,,,2026-05-09T14:39:28+00:00,2026-05-09T14:40:04+00:00,active,625000.0
fincas_moragas_3994-2,fincas_moragas,Planta baixa en venda a Mira-sol,https://fincasmoragas.com/ca/inmueble/3994-2/,535000.0,3.0,2.0,132.0,1,1,,,,Sant Cugat del Vallès,,,,,,,,,0,0,0,0,,,2026-05-09T14:42:48+00:00,2026-05-09T14:43:38+00:00,active,535000.0
fincas_moragas_6111-2,fincas_moragas,Local en venda en Centre,https://fincasmoragas.com/ca/inmueble/6111-2/,280000.0,5.0,1.0,88.0,0,1,,,,Sant Cugat del Vallès,,,,,,,,,0,0,0,0,,,2026-05-09T14:42:48+00:00,2026-05-09T14:43:38+00:00,active,280000.0
fincas_moragas_3989-2,fincas_moragas,ESPLÈNDID ÀTIC A L'ARXIU,https://fincasmoragas.com/ca/inmueble/3989-2/,1195000.0,5.0,3.0,287.0,1,1,,,,Sant Cugat del Vallès,,,,,,,,,0,0,0,0,,,2026-05-09T14:42:48+00:00,2026-05-09T14:43:38+00:00,active,1195000.0
fincas_moragas_6109-2,fincas_moragas,Local en venda a Volpelleres,https://fincasmoragas.com/ca/inmueble/6109-2/,2295000.0,3.0,2.0,136.0,0,1,,,,Sant Cugat del Vallès,,,,,,,,,0,0,0,0,,,2026-05-09T14:42:48+00:00,2026-05-09T14:43:38+00:00,active,2295000.0
fincas_moragas_0043-2,fincas_moragas,Garatge en venda en Volpelleres,https://fincasmoragas.com/ca/inmueble/0043-2/,216900.0,1.0,1.0,15.0,0,0,,,,Sant Cugat del Vallès,,,,,,,,,0,0,0,0,,,2026-05-09T14:42:48+00:00,2026-05-09T14:43:38+00:00,active,216900.0
fincas_moragas_4058-2,fincas_moragas,Terreny en venda en La Floresta,https://fincasmoragas.com/ca/inmueble/4058-2/,2310000.0,1.0,1.0,1151.0,0,0,,,,Sant Cugat del Vallès,,,,,,,,,0,0,0,0,,,2026-05-09T14:42:48+00:00,2026-05-09T14:43:38+00:00,active,2310000.0
fincas_moragas_0035-2,fincas_moragas,Garatge en venda a Volpelleres,https://fincasmoragas.com/ca/inmueble/0035-2/,13000.0,2.0,1.0,12.0,0,0,,,,Sant Cugat del Vallès,,,,,,,,,0,0,0,0,,,2026-05-09T14:42:48+00:00,2026-05-09T14:43:38+00:00,active,13000.0
organ_ref-1011,organ,GARAJE EN VENTA EN SANT FRANCESC-EL COLL - TORREBLANCA,https://www.organ.es/es/ref-1011,10500.0,9.0,9.0,9.0,0,0,,,,Sant Cugat del Vallès,,,,,,,,,0,0,0,0,,,2026-05-09T14:46:54+00:00,2026-05-09T14:47:21+00:00,active,10500.0
organ_ref-1289,organ,PARKING EN VENTA EN EL CENTRO - CENTRO,https://www.organ.es/es/ref-1289,12000.0,10.0,10.0,10.0,0,0,,,,Sant Cugat del Vallès,,,,,,,,,0,0,0,0,,,2026-05-09T14:46:54+00:00,2026-05-09T14:47:21+00:00,active,12000.0
organ_ref-1308,organ,MASIA TRADICIONAL EN LA FLORESTA - ST. CUGAT VALLES. - FLORESTA,https://www.organ.es/es/ref-1308,2400000.0,2.0,2.0,2.0,0,0,,,,Sant Cugat del Vallès,,,,,,,,,0,0,0,0,,,2026-05-09T14:46:54+00:00,2026-05-09T14:47:21+00:00,active,2400000.0
organ_ref-1364,organ,FINCA IDEAL PARA UN EQUIPAMIENTO GERIATRICO PRIVADO - GOLF,https://www.organ.es/es/ref-1364,5300000.0,2.0,2.0,2.0,0,0,,,,Sant Cugat del Vallès,,,,,,,,,0,0,0,0,,,2026-05-09T14:46:54+00:00,2026-05-09T14:47:21+00:00,active,5300000.0
organ_ref-1573,organ,PROYECTO PROMOCION RESIDENCIAL DE 6 VIVIENDAS EN EL PARC CENTRAL - SANT CUGAT - PARC CENTRAL,https://www.organ.es/es/ref-1573,1500000.0,,,,0,0,,,,Sant Cugat del Vallès,,,,,,,,,0,0,0,0,,,2026-05-09T14:46:54+00:00,2026-05-09T14:47:21+00:00,active,1500000.0
organ_ref-1621,organ,PARKING EN VENTA C. MONTSERRAT - SANT FRANCESC,https://www.organ.es/es/ref-1621,15000.0,17.0,17.0,17.0,0,0,,,,Sant Cugat del Vallès,,,,,,,,,0,0,0,0,,,2026-05-09T14:46:54+00:00,2026-05-09T14:47:21+00:00,active,15000.0
organ_ref-1712,organ,PARKING EN VENTA PLAZA LLUIS MILLET - CENTRO,https://www.organ.es/es/ref-1712,10000.0,15.0,15.0,15.0,0,0,,,,Sant Cugat del Vallès,,,,,,,,,0,0,0,0,,,2026-05-09T14:46:54+00:00,2026-05-09T14:47:21+00:00,active,10000.0
organ_ref-1853,organ,PARKING EN VENTA AVENIDA LLUIS COMPANYS - CENTRO,https://www.organ.es/es/ref-1853,10500.0,12.0,12.0,12.0,0,0,,,,Sant Cugat del Vallès,,,,,,,,,0,0,0,0,,,2026-05-09T14:46:54+00:00,2026-05-09T14:47:21+00:00,active,10500.0
organ_ref-2008,organ,PLAZA APARCAMIENTO VENTA,https://www.organ.es/es/ref-2008,9000.0,10.0,10.0,10.0,0,0,,,,Sant Cugat del Vallès,,,,,,,,,0,0,0,0,,,2026-05-09T14:46:54+00:00,2026-05-09T14:47:21+00:00,active,9000.0
mashomes_ref-1334,mashomes,Sant Cugat del Vallès 1334,https://www.mashomes.es/es/venta/en-barcelona-sant_cugat_del_valles/ref-1334,1290000.0,5.0,3.0,310.0,0,0,,,,Sant Cugat del Vallès,,,,,,,,,0,0,0,0,,,2026-05-09T14:56:15+00:00,2026-05-09T14:56:15+00:00,active,1290000.0
mashomes_ref-1381,mashomes,Sant Cugat del Vallès 1381,https://www.mashomes.es/es/venta/en-barcelona-sant_cugat_del_valles/ref-1381,845000.0,6.0,3.0,250.0,0,0,,,,Sant Cugat del Vallès,,,,,,,,,0,0,0,0,,,2026-05-09T14:56:15+00:00,2026-05-09T14:56:15+00:00,active,845000.0
mashomes_ref-1336,mashomes,Sant Cugat del Vallès 1336,https://www.mashomes.es/es/venta/en-barcelona-sant_cugat_del_valles/ref-1336,659800.0,3.0,2.0,103.0,0,0,,,,Sant Cugat del Vallès,,,,,,,,,0,0,0,0,,,2026-05-09T14:56:15+00:00,2026-05-09T14:56:15+00:00,active,659800.0
mashomes_ref-1347,mashomes,Sant Cugat del Vallès 1347,https://www.mashomes.es/es/venta/en-barcelona-sant_cugat_del_valles/ref-1347,1275000.0,5.0,4.0,535.0,0,0,,,,Sant Cugat del Vallès,,,,,,,,,0,0,0,0,,,2026-05-09T14:56:15+00:00,2026-05-09T14:56:15+00:00,active,1275000.0
mashomes_ref-1308,mashomes,Sant Cugat del Vallès 1308,https://www.mashomes.es/es/venta/en-barcelona-sant_cugat_del_valles/ref-1308,680000.0,3.0,2.0,115.0,0,0,,,,Sant Cugat del Vallès,,,,,,,,,0,0,0,0,,,2026-05-09T14:56:15+00:00,2026-05-09T14:56:15+00:00,active,680000.0
mashomes_ref-1266,mashomes,Sant Cugat del Vallès 1266,https://www.mashomes.es/es/venta/en-barcelona-sant_cugat_del_valles/ref-1266,775000.0,4.0,3.0,290.0,0,0,,,,Sant Cugat del Vallès,,,,,,,,,0,0,0,0,,,2026-05-09T14:56:15+00:00,2026-05-09T14:56:15+00:00,active,775000.0
mashomes_ref-1133,mashomes,Sant Cugat del Vallès 1133,https://www.mashomes.es/es/venta/en-barcelona-sant_cugat_del_valles/ref-1133,625000.0,3.0,2.0,110.0,0,0,,,,Sant Cugat del Vallès,,,,,,,,,0,0,0,0,,,2026-05-09T14:56:15+00:00,2026-05-09T14:56:15+00:00,active,625000.0
mashomes_ref-1130,mashomes,Sant Cugat del Vallès 1130,https://www.mashomes.es/es/venta/en-barcelona-sant_cugat_del_valles/ref-1130,990000.0,4.0,3.0,175.0,0,0,,,,Sant Cugat del Vallès,,,,,,,,,0,0,0,0,,,2026-05-09T14:56:15+00:00,2026-05-09T14:56:15+00:00,active,990000.0
mashomes_ref-1135,mashomes,Sant Cugat del Vallès 1135,https://www.mashomes.es/es/venta/en-barcelona-sant_cugat_del_valles/ref-1135,1200000.0,4.0,3.0,196.0,0,0,,,,Sant Cugat del Vallès,,,,,,,,,0,0,0,0,,,2026-05-09T14:56:15+00:00,2026-05-09T14:56:15+00:00,active,1200000.0
mashomes_ref-1143,mashomes,Sant Cugat del Vallès 1143,https://www.mashomes.es/es/venta/en-barcelona-sant_cugat_del_valles/ref-1143,769000.0,3.0,2.0,112.0,0,0,,,,Sant Cugat del Vallès,,,,,,,,,0,0,0,0,,,2026-05-09T14:56:15+00:00,2026-05-09T14:56:15+00:00,active,769000.0
mashomes_ref-1092,mashomes,Sant Cugat del Vallès 1092,https://www.mashomes.es/es/venta/en-barcelona-sant_cugat_del_valles/ref-1092,1490000.0,7.0,5.0,502.0,0,0,,,,Sant Cugat del Vallès,,,,,,,,,0,0,0,0,,,2026-05-09T14:56:15+00:00,2026-05-09T14:56:15+00:00,active,1490000.0
fincas_cano_pujol_ref-6113,fincas_cano_pujol,Sant Cugat del Vallès 6113,https://www.fincascanopujol.es/es/venta/en-barcelona-sant_cugat_del_valles/ref-6113,1290000.0,5.0,3.0,307.0,0,0,,,,Sant Cugat del Vallès,,,,,,,,,0,0,0,0,,,2026-05-09T14:58:35+00:00,2026-05-09T14:58:35+00:00,active,1290000.0
fincas_cano_pujol_ref-6111,fincas_cano_pujol,Sant Cugat del Vallès 6111,https://www.fincascanopujol.es/es/venta/en-barcelona-sant_cugat_del_valles/ref-6111,2500000.0,6.0,5.0,607.0,0,0,,,,Sant Cugat del Vallès,,,,,,,,,0,0,0,0,,,2026-05-09T14:58:35+00:00,2026-05-09T14:58:35+00:00,active,2500000.0
fincas_cano_pujol_ref-6110,fincas_cano_pujol,Sant Cugat del Vallès 6110,https://www.fincascanopujol.es/es/venta/en-barcelona-sant_cugat_del_valles/ref-6110,2450000.0,6.0,5.0,670.0,0,0,,,,Sant Cugat del Vallès,,,,,,,,,0,0,0,0,,,2026-05-09T14:58:35+00:00,2026-05-09T14:58:35+00:00,active,2450000.0
fincas_cano_pujol_ref-6101,fincas_cano_pujol,Sant Cugat del Vallès 6101,https://www.fincascanopujol.es/es/venta/en-barcelona-sant_cugat_del_valles/ref-6101,2500000.0,7.0,6.0,670.0,0,0,,,,Sant Cugat del Vallès,,,,,,,,,0,0,0,0,,,2026-05-09T14:58:35+00:00,2026-05-09T14:58:35+00:00,active,2500000.0
fincas_cano_pujol_ref-6098,fincas_cano_pujol,Sant Cugat del Vallès 6098,https://www.fincascanopujol.es/es/venta/en-barcelona-sant_cugat_del_valles/ref-6098,575000.0,1.0,1.0,60.0,0,0,,,,Sant Cugat del Vallès,,,,,,,,,0,0,0,0,,,2026-05-09T14:58:35+00:00,2026-05-09T14:58:35+00:00,active,575000.0
fincas_cano_pujol_ref-6096,fincas_cano_pujol,Sant Cugat del Vallès 6096,https://www.fincascanopujol.es/es/venta/en-barcelona-sant_cugat_del_valles/ref-6096,575000.0,1.0,1.0,60.0,0,0,,,,Sant Cugat del Vallès,,,,,,,,,0,0,0,0,,,2026-05-09T14:58:35+00:00,2026-05-09T14:58:35+00:00,active,575000.0
fincas_cano_pujol_ref-6094,fincas_cano_pujol,Sant Cugat del Vallès 6094,https://www.fincascanopujol.es/es/venta/en-barcelona-sant_cugat_del_valles/ref-6094,699000.0,4.0,3.0,172.0,0,0,,,,Sant Cugat del Vallès,,,,,,,,,0,0,0,0,,,2026-05-09T14:58:35+00:00,2026-05-09T14:58:35+00:00,active,699000.0
fincas_cano_pujol_ref-6067,fincas_cano_pujol,Sant Cugat del Vallès 6067,https://www.fincascanopujol.es/es/venta/en-barcelona-sant_cugat_del_valles/ref-6067,525000.0,3.0,2.0,100.0,0,0,,,,Sant Cugat del Vallès,,,,,,,,,0,0,0,0,,,2026-05-09T14:58:35+00:00,2026-05-09T14:58:35+00:00,active,525000.0
fincas_cano_pujol_ref-6058,fincas_cano_pujol,Sant Cugat del Vallès 6058,https://www.fincascanopujol.es/es/venta/en-barcelona-sant_cugat_del_valles/ref-6058,1150000.0,4.0,2.0,384.0,0,0,,,,Sant Cugat del Vallès,,,,,,,,,0,0,0,0,,,2026-05-09T14:58:35+00:00,2026-05-09T14:58:35+00:00,active,1150000.0
fincas_cano_pujol_ref-5998,fincas_cano_pujol,Sant Cugat del Vallès 5998,https://www.fincascanopujol.es/es/venta/en-barcelona-sant_cugat_del_valles/ref-5998,1290000.0,5.0,3.0,356.0,0,0,,,,Sant Cugat del Vallès,,,,,,,,,0,0,0,0,,,2026-05-09T14:58:35+00:00,2026-05-09T14:58:35+00:00,active,1290000.0
fincas_cano_pujol_ref-5996,fincas_cano_pujol,Sant Cugat del Vallès 5996,https://www.fincascanopujol.es/es/venta/en-barcelona-sant_cugat_del_valles/ref-5996,1460000.0,6.0,6.0,1.0,0,0,,,,Sant Cugat del Vallès,,,,,,,,,0,0,0,0,,,2026-05-09T14:58:35+00:00,2026-05-09T14:58:35+00:00,active,1460000.0
fincas_cano_pujol_ref-5995,fincas_cano_pujol,Sant Cugat del Vallès 5995,https://www.fincascanopujol.es/es/venta/en-barcelona-sant_cugat_del_valles/ref-5995,1550000.0,6.0,5.0,400.0,0,0,,,,Sant Cugat del Vallès,,,,,,,,,0,0,0,0,,,2026-05-09T14:58:35+00:00,2026-05-09T14:58:35+00:00,active,1550000.0
tecnocasa_piso-en-venta-651578,tecnocasa,Piso en venta,https://santcugat1.tecnocasa.es/sant-cugat-del-valles/piso-en-venta-651578,475000.0,4.0,2.0,110.0,0,0,,,,Sant Cugat del Vallès,,,,,,,,,0,0,0,0,,,2026-05-09T15:07:47+00:00,2026-05-09T15:08:17+00:00,active,475000.0
tecnocasa_casa-en-venta-631866,tecnocasa,Casa en venta,https://santcugat1.tecnocasa.es/sant-cugat-del-valles/casa-en-venta-631866,660000.0,4.0,2.0,165.0,0,0,,,,Sant Cugat del Vallès,,,,,,,,,0,0,0,0,,,2026-05-09T15:07:47+00:00,2026-05-09T15:08:17+00:00,active,660000.0
tecnocasa_atico-en-venta-650206,tecnocasa,Ático en venta,https://santcugat1.tecnocasa.es/sant-cugat-del-valles/atico-en-venta-650206,885000.0,4.0,3.0,245.0,0,0,,,,Sant Cugat del Vallès,,,,,,,,,0,0,0,0,,,2026-05-09T15:07:47+00:00,2026-05-09T15:08:17+00:00,active,885000.0
tecnocasa_piso-en-venta-649984,tecnocasa,Piso en venta,https://santcugat1.tecnocasa.es/sant-cugat-del-valles/piso-en-venta-649984,825000.0,3.0,2.0,315.0,0,0,,,,Sant Cugat del Vallès,,,,,,,,,0,0,0,0,,,2026-05-09T15:07:47+00:00,2026-05-09T15:08:17+00:00,active,825000.0
tecnocasa_edificio-en-venta-657576,tecnocasa,Edificio en venta,https://santcugat1.tecnocasa.es/sant-cugat-del-valles/edificio-en-venta-657576,4500000.0,,,720.0,0,0,,,,Sant Cugat del Vallès,,,,,,,,,0,0,0,0,,,2026-05-09T15:07:47+00:00,2026-05-09T15:08:17+00:00,active,4500000.0
tecnocasa_casa-en-venta-512221,tecnocasa,Casa en venta,https://santcugat1.tecnocasa.es/sant-cugat-del-valles/casa-en-venta-512221,2299000.0,8.0,8.0,555.0,0,0,,,,Sant Cugat del Vallès,,,,,,,,,0,0,0,0,,,2026-05-09T15:07:47+00:00,2026-05-09T15:08:17+00:00,active,2299000.0
tecnocasa_piso-en-venta-640828,tecnocasa,Piso en venta,https://santcugat1.tecnocasa.es/sant-cugat-del-valles/piso-en-venta-640828,1200000.0,5.0,3.0,251.0,0,0,,,,Sant Cugat del Vallès,,,,,,,,,0,0,0,0,,,2026-05-09T15:07:47+00:00,2026-05-09T15:08:17+00:00,active,1200000.0
tecnocasa_piso-en-venta-653116,tecnocasa,Piso en venta,https://santcugat1.tecnocasa.es/sant-cugat-del-valles/piso-en-venta-653116,295000.0,1.0,1.0,47.0,0,0,,,,Sant Cugat del Vallès,,,,,,,,,0,0,0,0,,,2026-05-09T15:07:47+00:00,2026-05-09T15:08:17+00:00,active,295000.0
tecnocasa_atico-en-venta-653132,tecnocasa,Ático en venta,https://santcugat1.tecnocasa.es/sant-cugat-del-valles/atico-en-venta-653132,420000.0,3.0,1.0,73.0,0,0,,,,Sant Cugat del Vallès,,,,,,,,,0,0,0,0,,,2026-05-09T15:07:47+00:00,2026-05-09T15:08:17+00:00,active,420000.0
tecnocasa_boxplaza-de-garaje-en-venta-585218,tecnocasa,Box/plaza de garaje en venta,https://santcugat1.tecnocasa.es/sant-cugat-del-valles/boxplaza-de-garaje-en-venta-585218,4500.0,,,8.0,0,0,,,,Sant Cugat del Vallès,,,,,,,,,0,0,0,0,,,2026-05-09T15:07:47+00:00,2026-05-09T15:08:17+00:00,active,4500.0
tecnocasa_terrenos-en-venta-657136,tecnocasa,Terrenos en venta,https://santcugat1.tecnocasa.es/sant-cugat-del-valles/terrenos-en-venta-657136,750000.0,,,1075.0,0,0,,,,Sant Cugat del Vallès,,,,,,,,,0,0,0,0,,,2026-05-09T15:07:47+00:00,2026-05-09T15:08:17+00:00,active,750000.0
tecnocasa_casa-en-venta-655510,tecnocasa,Casa en venta,https://santcugat1.tecnocasa.es/sant-cugat-del-valles/casa-en-venta-655510,840000.0,3.0,2.0,122.0,0,0,,,,Sant Cugat del Vallès,,,,,,,,,0,0,0,0,,,2026-05-09T15:07:47+00:00,2026-05-09T15:08:17+00:00,active,840000.0
best_house_28616159,best_house,Flat en Sant Cugat del Valles - Zona Sant Francesc-El Coll.,https://www.best-house.es/santcugat.francescmacia/ficha/flat/sant-cugat-del-valles/sant-francesc-el-coll/4182/28616159/en/,400000.0,3.0,1.0,87.0,0,0,,,,Sant Cugat del Vallès,,,,,,,,,0,0,0,0,,,2026-05-09T15:12:36+00:00,2026-05-09T15:12:36+00:00,active,400000.0
best_house_26720423,best_house,Garage en Sant Cugat del Valles - Zona Coll Favà.,https://www.best-house.es/santcugat.francescmacia/ficha/garage/sant-cugat-del-valles/coll-fava/4182/26720423/en/,45.0,0.0,0.0,10.0,0,0,,,,Sant Cugat del Vallès,,,,,,,,,0,0,0,0,,,2026-05-09T15:12:36+00:00,2026-05-09T15:12:36+00:00,active,45.0
best_house_24146951,best_house,House en Sant Cugat del Valles - Zona Sant Francesc.,https://www.best-house.es/santcugat.francescmacia/ficha/house/sant-cugat-del-valles/sant-francesc/4182/24146951/en/,855000.0,4.0,3.0,250.0,0,0,,,,Sant Cugat del Vallès,,,,,,,,,0,0,0,0,,,2026-05-09T15:12:36+00:00,2026-05-09T15:12:36+00:00,active,855000.0
best_house_22740041,best_house,Parking en Sant Cugat del Valles - Zona Sant Francesc.,https://www.best-house.es/santcugat.francescmacia/ficha/parking/sant-cugat-del-valles/sant-francesc/4182/22740041/en/,16000.0,0.0,0.0,10.0,0,0,,,,Sant Cugat del Vallès,,,,,,,,,0,0,0,0,,,2026-05-09T15:12:36+00:00,2026-05-09T15:12:36+00:00,active,16000.0
best_house_16498650,best_house,Parking en Sant Cugat del Valles - Zona Sant Francesc.,https://www.best-house.es/santcugat.francescmacia/ficha/parking/sant-cugat-del-valles/sant-francesc/4182/16498650/en/,14000.0,0.0,0.0,14.0,0,0,,,,Sant Cugat del Vallès,,,,,,,,,0,0,0,0,,,2026-05-09T15:12:36+00:00,2026-05-09T15:12:36+00:00,active,14000.0
best_house_5044149,best_house,Garage en Sant Cugat del Valles - Zona Volpelleres.,https://www.best-house.es/santcugat.francescmacia/ficha/garage/sant-cugat-del-valles/volpelleres/4182/5044149/en/,16000.0,0.0,0.0,14.0,0,0,,,,Sant Cugat del Vallès,,,,,,,,,0,0,0,0,,,2026-05-09T15:12:36+00:00,2026-05-09T15:12:36+00:00,active,16000.0
aproperties_casa-de-422-m2-con-terraza-aparcamiento-y-vistas-en-venta-en-l-eixample-sant-cugat-del-valles,aproperties,Magnifica casa en venta en Eixample de Sant Cugat del Valles,https://www.aproperties.es/sant-cugat-del-valles/leixample/casa-de-422-m2-con-terraza-aparcamiento-y-vistas-en-venta-en-l-eixample-sant-cugat-del-valles,1600000.0,4.0,4.0,422.0,0,1,,,sale,Sant Cugat del Vallès,"L'Eixample, Vallès Occidental",,,,,,,,0,0,0,0,,,2026-05-09T15:18:18+00:00,2026-05-09T15:18:18+00:00,active,1600000.0
aproperties_piso-de-155-m2-con-terraza-aparcamiento-y-piscina-en-venta-en-volpelleres-sant-cugat-del-valles,aproperties,Piso en venta en Sant Cugat del Vallès,https://www.aproperties.es/sant-cugat-del-valles/volpelleres/piso-de-155-m2-con-terraza-aparcamiento-y-piscina-en-venta-en-volpelleres-sant-cugat-del-valles,1040000.0,3.0,2.0,155.0,1,0,,,sale,Sant Cugat del Vallès,"Volpelleres, Vallès Occidental",,,,,,,,0,0,0,0,,,2026-05-09T15:18:18+00:00,2026-05-09T15:18:18+00:00,active,1040000.0
aproperties_piso-de-155-m2-con-terraza-y-aparcamiento-en-venta-en-volpelleres-sant-cugat-del-valles,aproperties,Piso en venta en Sant Cugat del Vallès,https://www.aproperties.es/sant-cugat-del-valles/volpelleres/piso-de-155-m2-con-terraza-y-aparcamiento-en-venta-en-volpelleres-sant-cugat-del-valles,1090000.0,3.0,2.0,155.0,1,0,,,sale,Sant Cugat del Vallès,"Volpelleres, Vallès Occidental",,,,,,,,0,0,0,0,,,2026-05-09T15:18:18+00:00,2026-05-09T15:18:18+00:00,active,1090000.0
aproperties_casa-de-242-m2-con-piscina-y-vistas-en-venta-en-valldoreix-sant-cugat-del-valles,aproperties,Casa en venta en Valldoreix - Sant Cugat del Valles,https://www.aproperties.es/sant-cugat-del-valles/valldoreix/casa-de-242-m2-con-piscina-y-vistas-en-venta-en-valldoreix-sant-cugat-del-valles,850000.0,4.0,2.0,242.0,1,0,,,sale,Sant Cugat del Vallès,"Valldoreix, Vallès Occidental",,,,,,,,0,0,0,0,,,2026-05-09T15:18:18+00:00,2026-05-09T15:18:18+00:00,active,850000.0
aproperties_piso-de-128-m2-con-terraza-aparcamiento-y-piscina-en-venta-en-mira-sol-sant-cugat-del-valles,aproperties,Piso en venta en Sant Cugat,https://www.aproperties.es/sant-cugat-del-valles/mirasol/piso-de-128-m2-con-terraza-aparcamiento-y-piscina-en-venta-en-mira-sol-sant-cugat-del-valles,750000.0,4.0,2.0,128.0,1,1,,,sale,Sant Cugat del Vallès,"Mira-sol, Vallès Occidental",,,,,,,,0,0,0,0,,,2026-05-09T15:18:18+00:00,2026-05-09T15:18:18+00:00,active,750000.0
aproperties_piso-de-213-m2-con-terraza-aparcamiento-piscina-y-vistas-en-venta-en-golf-can-trabal-sant-cugat-del-valles,aproperties,Piso en venta en Can Trabal,https://www.aproperties.es/sant-cugat-del-valles/golf/piso-de-213-m2-con-terraza-aparcamiento-piscina-y-vistas-en-venta-en-golf-can-trabal-sant-cugat-del-valles,1590000.0,5.0,4.0,213.0,1,1,,,sale,Sant Cugat del Vallès,"Golf - Can Trabal, Vallès Occidental",,,,,,,,0,0,0,0,,,2026-05-09T15:18:18+00:00,2026-05-09T15:18:18+00:00,active,1590000.0
aproperties_casa-de-lujo-de-901-m2-con-terraza-aparcamiento-piscina-y-vistas-en-venta-en-valldoreix-sant-cugat-del-valles,aproperties,Casa en venta en Masía Rosas,https://www.aproperties.es/sant-cugat-del-valles/valldoreix/casa-de-lujo-de-901-m2-con-terraza-aparcamiento-piscina-y-vistas-en-venta-en-valldoreix-sant-cugat-del-valles,,6.0,6.0,901.0,1,1,,,sale,Sant Cugat del Vallès,"Valldoreix, Vallès Occidental",,,,,,,,0,0,0,0,,,2026-05-09T15:18:18+00:00,2026-05-09T15:18:18+00:00,active,
aproperties_casa-de-500-m2-con-terraza-aparcamiento-piscina-y-vistas-en-venta-en-la-floresta-sant-cugat-del-valles,aproperties,Casa en venta en La Floresta,https://www.aproperties.es/sant-cugat-del-valles/la-floresta/casa-de-500-m2-con-terraza-aparcamiento-piscina-y-vistas-en-venta-en-la-floresta-sant-cugat-del-valles,1400000.0,8.0,4.0,500.0,0,0,,,sale,Sant Cugat del Vallès,"La floresta, Vallès Occidental",,,,,,,,0,0,0,0,,,2026-05-09T15:18:18+00:00,2026-05-09T15:18:18+00:00,active,1400000.0
aproperties_casa-de-412-m2-con-terraza-aparcamiento-piscina-y-vistas-en-venta-en-sant-domenec-sant-cugat-del-valles,aproperties,Casa en venta en Sant Domenech,https://www.aproperties.es/sant-cugat-del-valles/sant-domenec/casa-de-412-m2-con-terraza-aparcamiento-piscina-y-vistas-en-venta-en-sant-domenec-sant-cugat-del-valles,1800000.0,5.0,4.0,412.0,1,0,,,sale,Sant Cugat del Vallès,"Sant Domènec, Vallès Occidental",,,,,,,,0,0,0,0,,,2026-05-09T15:18:18+00:00,2026-05-09T15:18:18+00:00,active,1800000.0
aproperties_piso-de-132-m2-con-terraza-piscina-y-vistas-en-venta-en-parc-central-el-colomer-sant-cugat-del-valles,aproperties,Piso en venta en Parc Central,https://www.aproperties.es/sant-cugat-del-valles/parc-central-el-colomer/piso-de-132-m2-con-terraza-piscina-y-vistas-en-venta-en-parc-central-el-colomer-sant-cugat-del-valles,780000.0,4.0,2.0,132.0,1,1,,,sale,Sant Cugat del Vallès,"Parc Central - El Colomer, Vallès Occidental",,,,,,,,0,0,0,0,,,2026-05-09T15:18:18+00:00,2026-05-09T15:18:18+00:00,active,780000.0
aproperties_obra-nueva-con-terraza-aparcamiento-piscina-y-vistas-en-venta-en-mira-sol-sant-cugat-del-valles,aproperties,"Exclusivas Casas de Lujo en Mirasol, Sant Cugat",https://www.aproperties.es/sant-cugat-del-valles/mirasol/obra-nueva-con-terraza-aparcamiento-piscina-y-vistas-en-venta-en-mira-sol-sant-cugat-del-valles,2387000.0,,,521.0,1,0,,,sale,Sant Cugat del Vallès,"Mira-sol, Vallès Occidental",,,,,,,,0,0,0,0,,,2026-05-09T15:18:18+00:00,2026-05-09T15:18:18+00:00,active,2387000.0
aproperties_casa-de-673-m2-con-aparcamiento-y-piscina-en-venta-en-arxiu-estacio-sant-cugat-del-valles,aproperties,Casa en venta en Arxius,https://www.aproperties.es/sant-cugat-del-valles/arxiu-estacio/casa-de-673-m2-con-aparcamiento-y-piscina-en-venta-en-arxiu-estacio-sant-cugat-del-valles,2550000.0,7.0,7.0,673.0,1,0,,,sale,Sant Cugat del Vallès,"Arxiu - Estació, Vallès Occidental",,,,,,,,0,0,0,0,,,2026-05-09T15:18:18+00:00,2026-05-09T15:18:18+00:00,active,2550000.0
aproperties_parcela-de-1462-m2-en-venta-en-valldoreix-sant-cugat-del-valles,aproperties,Terreno en venta en Valldoreix,https://www.aproperties.es/sant-cugat-del-valles/valldoreix/parcela-de-1462-m2-en-venta-en-valldoreix-sant-cugat-del-valles,520000.0,,,1.0,0,0,,,sale,Sant Cugat del Vallès,"Valldoreix, Vallès Occidental",,,,,,,,0,0,0,0,,,2026-05-09T15:18:18+00:00,2026-05-09T15:18:18+00:00,active,520000.0
aproperties_casa-de-lujo-de-347-m2-con-terraza-aparcamiento-piscina-y-vistas-en-venta-en-valldoreix-sant-cugat-del-valles,aproperties,Casa en venta en Valldoreix,https://www.aproperties.es/sant-cugat-del-valles/valldoreix/casa-de-lujo-de-347-m2-con-terraza-aparcamiento-piscina-y-vistas-en-venta-en-valldoreix-sant-cugat-del-valles,1475000.0,6.0,4.0,347.0,1,1,,,sale,Sant Cugat del Vallès,"Valldoreix, Vallès Occidental",,,,,,,,0,0,0,0,,,2026-05-09T15:18:18+00:00,2026-05-09T15:18:18+00:00,active,1475000.0
aproperties_parcela-de-1677-m2-en-venta-en-valldoreix-sant-cugat-del-valles,aproperties,Dos terrenos en venta en Valldoreix,https://www.aproperties.es/sant-cugat-del-valles/valldoreix/parcela-de-1677-m2-en-venta-en-valldoreix-sant-cugat-del-valles,1375000.0,,,1.0,0,0,,,sale,Sant Cugat del Vallès,"Valldoreix, Vallès Occidental",,,,,,,,0,0,0,0,,,2026-05-09T15:18:18+00:00,2026-05-09T15:18:18+00:00,active,1375000.0
aproperties_casa-de-593-m2-con-terraza-aparcamiento-piscina-y-vistas-en-venta-en-valldoreix-sant-cugat-del-valles,aproperties,Casa en venta en Valldoreix,https://www.aproperties.es/sant-cugat-del-valles/valldoreix/casa-de-593-m2-con-terraza-aparcamiento-piscina-y-vistas-en-venta-en-valldoreix-sant-cugat-del-valles,1890000.0,9.0,11.0,593.0,1,0,,,sale,Sant Cugat del Vallès,"Valldoreix, Vallès Occidental",,,,,,,,0,0,0,0,,,2026-05-09T15:18:18+00:00,2026-05-09T15:18:18+00:00,active,1890000.0
aproperties_obra-nueva-de-191-m2-con-terraza-y-aparcamiento-en-venta-en-centre-sant-cugat-del-valles,aproperties,Vivir el lujo en una finca histórica en el centro de Sant Cugat,https://www.aproperties.es/sant-cugat-del-valles/centre/obra-nueva-de-191-m2-con-terraza-y-aparcamiento-en-venta-en-centre-sant-cugat-del-valles,1700000.0,,,255.0,0,0,,,sale,Sant Cugat del Vallès,"Centre, Vallès Occidental",,,,,,,,0,0,0,0,,,2026-05-09T15:18:18+00:00,2026-05-09T15:18:18+00:00,active,1700000.0
aproperties_casa-de-374-m2-con-terraza-y-aparcamiento-en-venta-en-l-eixample-sant-cugat-del-valles,aproperties,Exclusiva casa en venta frente del Golf de Sant Cugat del Valles,https://www.aproperties.es/sant-cugat-del-valles/leixample/casa-de-374-m2-con-terraza-y-aparcamiento-en-venta-en-l-eixample-sant-cugat-del-valles,2950000.0,5.0,3.0,374.0,0,0,,,sale,Sant Cugat del Vallès,"L'Eixample, Vallès Occidental",,,,,,,,0,0,0,0,,,2026-05-09T15:18:18+00:00,2026-05-09T15:18:18+00:00,active,2950000.0
aproperties_casa-de-290-m2-con-terraza-aparcamiento-piscina-y-vistas-en-venta-en-arxiu-estacio-sant-cugat-del-valles,aproperties,Casa en venta en Arxius,https://www.aproperties.es/sant-cugat-del-valles/arxiu-estacio/casa-de-290-m2-con-terraza-aparcamiento-piscina-y-vistas-en-venta-en-arxiu-estacio-sant-cugat-del-valles,1650000.0,5.0,5.0,290.0,1,1,,,sale,Sant Cugat del Vallès,"Arxiu - Estació, Vallès Occidental",,,,,,,,0,0,0,0,,,2026-05-09T15:18:18+00:00,2026-05-09T15:18:18+00:00,active,1650000.0
aproperties_piso-de-76-m2-con-terraza-en-venta-en-arxiu-estacio-sant-cugat-del-valles,aproperties,"Piso en venta en Centre-Estació, Sant Cugat del Vallés",https://www.aproperties.es/sant-cugat-del-valles/arxiu-estacio/piso-de-76-m2-con-terraza-en-venta-en-arxiu-estacio-sant-cugat-del-valles,435000.0,2.0,1.0,76.0,0,0,,,sale,Sant Cugat del Vallès,"Arxiu - Estació, Vallès Occidental",,,,,,,,0,0,0,0,,,2026-05-09T15:18:18+00:00,2026-05-09T15:18:18+00:00,active,435000.0
aproperties_casa-de-474-m2-con-terraza-aparcamiento-y-vistas-en-venta-en-la-floresta-sant-cugat-del-valles,aproperties,Casa en venta en Sant Cugat del Vallès,https://www.aproperties.es/sant-cugat-del-valles/la-floresta/casa-de-474-m2-con-terraza-aparcamiento-y-vistas-en-venta-en-la-floresta-sant-cugat-del-valles,1240000.0,6.0,3.0,474.0,1,0,,,sale,Sant Cugat del Vallès,"La floresta, Vallès Occidental",,,,,,,,0,0,0,0,,,2026-05-09T15:18:18+00:00,2026-05-09T15:18:18+00:00,active,1240000.0
aproperties_casa-de-452-m2-con-terraza-aparcamiento-piscina-y-vistas-en-venta-en-la-floresta-sant-cugat-del-valles,aproperties,Casa en venta en Sant Cugat,https://www.aproperties.es/sant-cugat-del-valles/la-floresta/casa-de-452-m2-con-terraza-aparcamiento-piscina-y-vistas-en-venta-en-la-floresta-sant-cugat-del-valles,2450000.0,3.0,5.0,454.0,1,0,,,sale,Sant Cugat del Vallès,"La floresta, Vallès Occidental",,,,,,,,0,0,0,0,,,2026-05-09T15:18:18+00:00,2026-05-09T15:18:18+00:00,active,2450000.0
aproperties_casa-de-577-m2-con-terraza-aparcamiento-piscina-y-vistas-en-venta-en-valldoreix-sant-cugat-del-valles,aproperties,Casa en venta en Valldoreix,https://www.aproperties.es/sant-cugat-del-valles/valldoreix/casa-de-577-m2-con-terraza-aparcamiento-piscina-y-vistas-en-venta-en-valldoreix-sant-cugat-del-valles,1950000.0,4.0,3.0,577.0,1,0,,,sale,Sant Cugat del Vallès,"Valldoreix, Vallès Occidental",,,,,,,,0,0,0,0,,,2026-05-09T15:18:18+00:00,2026-05-09T15:18:18+00:00,active,1950000.0
aproperties_casa-de-120-m2-con-vistas-en-venta-en-valldoreix-sant-cugat-del-valles,aproperties,Casa en venta en Valldoreix,https://www.aproperties.es/sant-cugat-del-valles/valldoreix/casa-de-120-m2-con-vistas-en-venta-en-valldoreix-sant-cugat-del-valles,740000.0,3.0,2.0,120.0,0,0,,,sale,Sant Cugat del Vallès,"Valldoreix, Vallès Occidental",,,,,,,,0,0,0,0,,,2026-05-09T15:18:18+00:00,2026-05-09T15:18:18+00:00,active,740000.0
aproperties_casa-de-806-m2-con-terraza-aparcamiento-piscina-y-vistas-en-venta-en-valldoreix-sant-cugat-del-valles,aproperties,Casa en venta en Valldoreix,https://www.aproperties.es/sant-cugat-del-valles/valldoreix/casa-de-806-m2-con-terraza-aparcamiento-piscina-y-vistas-en-venta-en-valldoreix-sant-cugat-del-valles,3550000.0,7.0,8.0,806.0,1,0,,,sale,Sant Cugat del Vallès,"Valldoreix, Vallès Occidental",,,,,,,,0,0,0,0,,,2026-05-09T15:18:18+00:00,2026-05-09T15:18:18+00:00,active,3550000.0
aproperties_casa-de-312-m2-con-terraza-aparcamiento-y-piscina-en-venta-en-golf-can-trabal-sant-cugat-del-valles,aproperties,Casa en venta en el Golf totalmente reformada,https://www.aproperties.es/sant-cugat-del-valles/golf/casa-de-312-m2-con-terraza-aparcamiento-y-piscina-en-venta-en-golf-can-trabal-sant-cugat-del-valles,1890000.0,4.0,5.0,312.0,1,0,,,sale,Sant Cugat del Vallès,"Golf - Can Trabal, Vallès Occidental",,,,,,,,0,0,0,0,,,2026-05-09T15:18:18+00:00,2026-05-09T15:18:18+00:00,active,1890000.0
aproperties_obra-nueva-con-terraza-aparcamiento-piscina-y-vistas-en-venta-en-parc-central-el-colomer-sant-cugat-del-valles,aproperties,"Exclusiva promoción de obra nueva en la prestigiosa Calle Estapé, Sant Cugat del Vallés",https://www.aproperties.es/sant-cugat-del-valles/parc-central-el-colomer/obra-nueva-con-terraza-aparcamiento-piscina-y-vistas-en-venta-en-parc-central-el-colomer-sant-cugat-del-valles,1253000.0,,,108.0,0,0,,,sale,Sant Cugat del Vallès,"Parc Central - El Colomer, Vallès Occidental",,,,,,,,0,0,0,0,,,2026-05-09T15:18:18+00:00,2026-05-09T15:18:18+00:00,active,1253000.0
aproperties_obra-nueva-con-terraza-aparcamiento-y-piscina-en-venta-en-centre-sant-cugat-del-valles,aproperties,Exclusivas viviendas de lujo en el corazón de Sant Cugat,https://www.aproperties.es/sant-cugat-del-valles/centre/obra-nueva-con-terraza-aparcamiento-y-piscina-en-venta-en-centre-sant-cugat-del-valles,673000.0,,,73.0,0,0,,,sale,Sant Cugat del Vallès,"Centre, Vallès Occidental",,,,,,,,0,0,0,0,,,2026-05-09T15:18:18+00:00,2026-05-09T15:18:18+00:00,active,673000.0
aproperties_piso-de-116-m2-con-aparcamiento-y-vistas-en-venta-en-centre-sant-cugat-del-valles,aproperties,Ático Duplex en el Corazón de Sant Cugat,https://www.aproperties.es/sant-cugat-del-valles/centre/piso-de-116-m2-con-aparcamiento-y-vistas-en-venta-en-centre-sant-cugat-del-valles,725000.0,3.0,2.0,116.0,0,1,,,sale,Sant Cugat del Vallès,"Centre, Vallès Occidental",,,,,,,,0,0,0,0,,,2026-05-09T15:18:18+00:00,2026-05-09T15:18:18+00:00,active,725000.0
aproperties_parcela-de-816-m2-en-venta-en-valldoreix-sant-cugat-del-valles,aproperties,Terreno en venta en Valldoreix,https://www.aproperties.es/sant-cugat-del-valles/valldoreix/parcela-de-816-m2-en-venta-en-valldoreix-sant-cugat-del-valles,800000.0,,,816.0,0,0,,,sale,Sant Cugat del Vallès,"Valldoreix, Vallès Occidental",,,,,,,,0,0,0,0,,,2026-05-09T15:18:18+00:00,2026-05-09T15:18:18+00:00,active,800000.0
aproperties_parcela-de-861-m2-en-venta-en-valldoreix-sant-cugat-del-valles,aproperties,Terreno plano en venta en Valldoreix,https://www.aproperties.es/sant-cugat-del-valles/valldoreix/parcela-de-861-m2-en-venta-en-valldoreix-sant-cugat-del-valles,700000.0,,,861.0,0,0,,,sale,Sant Cugat del Vallès,"Valldoreix, Vallès Occidental",,,,,,,,0,0,0,0,,,2026-05-09T15:18:18+00:00,2026-05-09T15:18:18+00:00,active,700000.0
aproperties_parcela-de-389-m2-en-venta-en-les-planes-sant-cugat-del-valles,aproperties,Terreno en venta en calle Marco Polo,https://www.aproperties.es/sant-cugat-del-valles/les-planes/parcela-de-389-m2-en-venta-en-les-planes-sant-cugat-del-valles,250000.0,,,389.0,1,0,,,sale,Sant Cugat del Vallès,"Les Planes, Vallès Occidental",,,,,,,,0,0,0,0,,,2026-05-09T15:18:18+00:00,2026-05-09T15:18:18+00:00,active,250000.0
aproperties_parcela-de-635-m2-en-venta-en-valldoreix-sant-cugat-del-valles,aproperties,Terreno en venta en Valldoreix,https://www.aproperties.es/sant-cugat-del-valles/valldoreix/parcela-de-635-m2-en-venta-en-valldoreix-sant-cugat-del-valles,490000.0,,,635.0,0,0,,,sale,Sant Cugat del Vallès,"Valldoreix, Vallès Occidental",,,,,,,,0,0,0,0,,,2026-05-09T15:18:18+00:00,2026-05-09T15:18:18+00:00,active,490000.0
aproperties_casa-de-256-m2-con-terraza-aparcamiento-y-vistas-en-venta-en-valldoreix-sant-cugat-del-valles,aproperties,Casa en venta en Valldoreix,https://www.aproperties.es/sant-cugat-del-valles/valldoreix/casa-de-256-m2-con-terraza-aparcamiento-y-vistas-en-venta-en-valldoreix-sant-cugat-del-valles,1050000.0,5.0,3.0,256.0,1,0,,,sale,Sant Cugat del Vallès,"Valldoreix, Vallès Occidental",,,,,,,,0,0,0,0,,,2026-05-09T15:18:18+00:00,2026-05-09T15:18:18+00:00,active,1050000.0
aproperties_obra-nueva-en-venta-en-centre-sant-cugat-del-valles,aproperties,Lofts de obra nueva en Sant Cugat,https://www.aproperties.es/sant-cugat-del-valles/centre/obra-nueva-en-venta-en-centre-sant-cugat-del-valles,480000.0,,,61.0,0,0,,,sale,Sant Cugat del Vallès,"Centre, Vallès Occidental",,,,,,,,0,0,0,0,,,2026-05-09T15:18:18+00:00,2026-05-09T15:18:18+00:00,active,480000.0
aproperties_casa-de-570-m2-con-terraza-aparcamiento-piscina-y-vistas-en-venta-en-valldoreix-sant-cugat-del-valles,aproperties,Casa en venta en Valldoreix,https://www.aproperties.es/sant-cugat-del-valles/valldoreix/casa-de-570-m2-con-terraza-aparcamiento-piscina-y-vistas-en-venta-en-valldoreix-sant-cugat-del-valles,2000000.0,6.0,7.0,570.0,1,0,,,sale,Sant Cugat del Vallès,"Valldoreix, Vallès Occidental",,,,,,,,0,0,0,0,,,2026-05-09T15:18:18+00:00,2026-05-09T15:18:18+00:00,active,2000000.0
aproperties_vsc2312001-casa-de-67-m2-con-terraza-aparcamiento-piscina-y-vistas-en-venta-en-valldoreix-sant-cugat-del-valles,aproperties,Casa en venta en Valldoreix,https://www.aproperties.es/sant-cugat-del-valles/valldoreix/vsc2312001-casa-de-67-m2-con-terraza-aparcamiento-piscina-y-vistas-en-venta-en-valldoreix-sant-cugat-del-valles,671000.0,5.0,2.0,67.0,1,0,,,sale,Sant Cugat del Vallès,"Valldoreix, Vallès Occidental",,,,,,,,0,0,0,0,,,2026-05-09T15:18:18+00:00,2026-05-09T15:18:18+00:00,active,671000.0
aproperties_casa-de-lujo-de-437-m2-con-terraza-aparcamiento-piscina-y-vistas-en-venta-en-valldoreix-sant-cugat-del-valles,aproperties,Casa unifamiliar de lujo con piscina en zona Masía Rosas,https://www.aproperties.es/sant-cugat-del-valles/valldoreix/casa-de-lujo-de-437-m2-con-terraza-aparcamiento-piscina-y-vistas-en-venta-en-valldoreix-sant-cugat-del-valles,2500000.0,5.0,7.0,437.0,1,0,,,sale,Sant Cugat del Vallès,"Valldoreix, Vallès Occidental",,,,,,,,0,0,0,0,,,2026-05-09T15:18:18+00:00,2026-05-09T15:18:18+00:00,active,2500000.0
aproperties_casa-de-lujo-de-569-m2-con-terraza-aparcamiento-piscina-y-vistas-en-venta-en-arxiu-estacio-sant-cugat-del-valles,aproperties,Casa unifamiliar de lujo con piscina en Arxius,https://www.aproperties.es/sant-cugat-del-valles/arxiu-estacio/casa-de-lujo-de-569-m2-con-terraza-aparcamiento-piscina-y-vistas-en-venta-en-arxiu-estacio-sant-cugat-del-valles,2899000.0,5.0,7.0,569.0,1,0,,,sale,Sant Cugat del Vallès,"Arxiu - Estació, Vallès Occidental",,,,,,,,0,0,0,0,,,2026-05-09T15:18:18+00:00,2026-05-09T15:18:18+00:00,active,2899000.0
aproperties_obra-nueva-con-terraza-y-vistas-en-venta-en-centre-sant-cugat-del-valles,aproperties,Obra Nueva en el centro de Sant Cugat,https://www.aproperties.es/sant-cugat-del-valles/centre/obra-nueva-con-terraza-y-vistas-en-venta-en-centre-sant-cugat-del-valles,530000.0,,,96.0,0,0,,,sale,Sant Cugat del Vallès,"Centre, Vallès Occidental",,,,,,,,0,0,0,0,,,2026-05-09T15:18:18+00:00,2026-05-09T15:18:18+00:00,active,530000.0
aproperties_casa-de-704-m2-con-vistas-en-venta-en-la-floresta-sant-cugat-del-valles,aproperties,Finca modernista en venta en La Floresta,https://www.aproperties.es/sant-cugat-del-valles/la-floresta/casa-de-704-m2-con-vistas-en-venta-en-la-floresta-sant-cugat-del-valles,1950000.0,8.0,3.0,704.0,0,0,,,sale,Sant Cugat del Vallès,"La floresta, Vallès Occidental",,,,,,,,0,0,0,0,,,2026-05-09T15:18:18+00:00,2026-05-09T15:18:18+00:00,active,1950000.0
aproperties_parcela-de-1245-m2-en-venta-en-les-planes-sant-cugat-del-valles,aproperties,Terreno con vistas en Les Planes,https://www.aproperties.es/sant-cugat-del-valles/les-planes/parcela-de-1245-m2-en-venta-en-les-planes-sant-cugat-del-valles,230000.0,,,1.0,1,0,,,sale,Sant Cugat del Vallès,"Les Planes, Vallès Occidental",,,,,,,,0,0,0,0,,,2026-05-09T15:18:18+00:00,2026-05-09T15:18:18+00:00,active,230000.0
aproperties_vsc2005010-4-casa-de-lujo-de-573-m2-con-terraza-aparcamiento-piscina-y-vistas-en-venta-en-golf-can-trabal-sant-cugat-del-valles,aproperties,Casa vanguardista en venta en El Golf - Can Trabal,https://www.aproperties.es/sant-cugat-del-valles/golf/vsc2005010-4-casa-de-lujo-de-573-m2-con-terraza-aparcamiento-piscina-y-vistas-en-venta-en-golf-can-trabal-sant-cugat-del-valles,2900000.0,5.0,5.0,573.0,1,1,,,sale,Sant Cugat del Vallès,"Golf - Can Trabal, Vallès Occidental",,,,,,,,0,0,0,0,,,2026-05-09T15:18:18+00:00,2026-05-09T15:18:18+00:00,active,2900000.0
aproperties_casa-de-lujo-de-573-m2-con-terraza-aparcamiento-piscina-y-vistas-en-venta-en-golf-can-trabal-sant-cugat-del-valles,aproperties,Casa vanguardista en venta en El Golf-Can Trabal,https://www.aproperties.es/sant-cugat-del-valles/golf/casa-de-lujo-de-573-m2-con-terraza-aparcamiento-piscina-y-vistas-en-venta-en-golf-can-trabal-sant-cugat-del-valles,2900000.0,5.0,5.0,573.0,1,1,,,sale,Sant Cugat del Vallès,"Golf - Can Trabal, Vallès Occidental",,,,,,,,0,0,0,0,,,2026-05-09T15:18:18+00:00,2026-05-09T15:18:18+00:00,active,2900000.0
fincas_calvo_casa-unifamiliar-sant-cugat-del-valles-golf-ref1469-62546296001.120000,fincas_calvo,Casa unifamiliar en Sant Cugat del Vallès,https://fincascalvo.com/propiedad/casa-unifamiliar-sant-cugat-del-valles-golf-ref1469-62546296001.120000/,1850000.0,6.0,8.0,550.0,0,0,,Casa unifamiliar,sale,Sant Cugat del Vallès,,,,,,,,,0,0,0,0,,,2026-05-10T08:31:55+00:00,2026-05-10T08:31:55+00:00,active,1850000.0
fincas_calvo_casa-unifamiliar-sant-cugat-del-valles-golf-ref1469a-62519412931.120000,fincas_calvo,Casa unifamiliar en Sant Cugat del Vallès,https://fincascalvo.com/propiedad/casa-unifamiliar-sant-cugat-del-valles-golf-ref1469a-62519412931.120000/,1850000.0,6.0,8.0,550.0,0,0,,Casa unifamiliar,sale,Sant Cugat del Vallès,,,,,,,,,0,0,0,0,,,2026-05-10T08:31:55+00:00,2026-05-10T08:31:55+00:00,active,1850000.0
fincas_calvo_pisos-sant-cugat-del-valles-centre-ref1468-62587476115.120000,fincas_calvo,Pisos en Sant Cugat del Vallès,https://fincascalvo.com/propiedad/pisos-sant-cugat-del-valles-centre-ref1468-62587476115.120000/,560000.0,4.0,2.0,120.0,0,0,,Pisos,sale,Sant Cugat del Vallès,,,,,,,,,0,0,0,0,,,2026-05-10T08:31:55+00:00,2026-05-10T08:31:55+00:00,active,560000.0
fincas_calvo_pisos-sant-cugat-del-valles-centre-ref1468a-62571954174.120000,fincas_calvo,Pisos en Sant Cugat del Vallès,https://fincascalvo.com/propiedad/pisos-sant-cugat-del-valles-centre-ref1468a-62571954174.120000/,560000.0,4.0,2.0,120.0,0,0,,Pisos,sale,Sant Cugat del Vallès,,,,,,,,,0,0,0,0,,,2026-05-10T08:31:55+00:00,2026-05-10T08:31:55+00:00,active,560000.0
fincas_calvo_pisos-sant-cugat-del-valles-centre-ref1471-63353661482.120000,fincas_calvo,Pisos en Sant Cugat del Vallès,https://fincascalvo.com/propiedad/pisos-sant-cugat-del-valles-centre-ref1471-63353661482.120000/,350000.0,3.0,1.0,78.0,0,0,,Pisos,sale,Sant Cugat del Vallès,,,,,,,,,0,0,0,0,,,2026-05-10T08:31:55+00:00,2026-05-10T08:31:55+00:00,active,350000.0
fincas_calvo_locales-comerciales-sant-cugat-del-valles-coll-fava-can-magi-ref1458-60025822381.120000,fincas_calvo,Locales comerciales en Sant Cugat del Vallès,https://fincascalvo.com/propiedad/locales-comerciales-sant-cugat-del-valles-coll-fava-can-magi-ref1458-60025822381.120000/,410000.0,0.0,0.0,100.0,0,0,,Locales comerciales,sale,Sant Cugat del Vallès,,,,,,,,,0,0,0,0,,,2026-05-10T08:31:55+00:00,2026-05-10T08:31:55+00:00,active,410000.0
fincas_calvo_parking-sant-cugat-del-valles-centre-ref1404-50094364624.120000,fincas_calvo,Parking en Sant Cugat del Vallès,https://fincascalvo.com/propiedad/parking-sant-cugat-del-valles-centre-ref1404-50094364624.120000/,15000.0,0.0,0.0,15.0,0,0,,Parking,sale,Sant Cugat del Vallès,,,,,,,,,0,0,0,0,,,2026-05-10T08:31:55+00:00,2026-05-10T08:31:55+00:00,active,15000.0
fincas_calvo_terrenos-sant-cugat-del-valles-la-floresta-les-planes-ref1433a-60862719451.120000,fincas_calvo,Terrenos en Sant Cugat del Vallès,https://fincascalvo.com/propiedad/terrenos-sant-cugat-del-valles-la-floresta-les-planes-ref1433a-60862719451.120000/,90000.0,0.0,0.0,642.0,0,0,,Terrenos,sale,Sant Cugat del Vallès,,,,,,,,,0,0,0,0,,,2026-05-10T08:31:55+00:00,2026-05-10T08:31:55+00:00,active,90000.0
fincas_calvo_pisos-sant-cugat-del-valles-centre-ref1461-62518170039.120000,fincas_calvo,Pisos en Sant Cugat del Vallès,https://fincascalvo.com/propiedad/pisos-sant-cugat-del-valles-centre-ref1461-62518170039.120000/,840000.0,3.0,2.0,102.0,0,0,,Pisos,sale,Sant Cugat del Vallès,,,,,,,,,0,0,0,0,,,2026-05-10T08:31:55+00:00,2026-05-10T08:31:55+00:00,active,840000.0
fincas_calvo_pisos-sant-cugat-del-valles-centre-ref1464-62565279018.120000,fincas_calvo,Pisos en Sant Cugat del Vallès,https://fincascalvo.com/propiedad/pisos-sant-cugat-del-valles-centre-ref1464-62565279018.120000/,715000.0,3.0,2.0,104.0,0,0,,Pisos,sale,Sant Cugat del Vallès,,,,,,,,,0,0,0,0,,,2026-05-10T08:31:55+00:00,2026-05-10T08:31:55+00:00,active,715000.0
fincas_calvo_pisos-sant-cugat-del-valles-centre-ref1462-62555771181.120000,fincas_calvo,Pisos en Sant Cugat del Vallès,https://fincascalvo.com/propiedad/pisos-sant-cugat-del-valles-centre-ref1462-62555771181.120000/,825000.0,3.0,2.0,103.0,0,0,,Pisos,sale,Sant Cugat del Vallès,,,,,,,,,0,0,0,0,,,2026-05-10T08:31:55+00:00,2026-05-10T08:31:55+00:00,active,825000.0
fincas_calvo_terrenos-sant-cugat-del-valles-la-floresta-les-planes-ref1433-55926802605.120000,fincas_calvo,Terrenos en Sant Cugat del Vallès,https://fincascalvo.com/propiedad/terrenos-sant-cugat-del-valles-la-floresta-les-planes-ref1433-55926802605.120000/,90000.0,0.0,0.0,642.0,0,0,,Terrenos,sale,Sant Cugat del Vallès,,,,,,,,,0,0,0,0,,,2026-05-10T08:31:55+00:00,2026-05-10T08:31:55+00:00,active,90000.0
fincas_calvo_pisos-sant-cugat-del-valles-coll-fava-can-magi-ref1455-59168778677.120000,fincas_calvo,Pisos en Sant Cugat del Vallès,https://fincascalvo.com/propiedad/pisos-sant-cugat-del-valles-coll-fava-can-magi-ref1455-59168778677.120000/,780000.0,4.0,2.0,124.0,0,0,,Pisos,sale,Sant Cugat del Vallès,,,,,,,,,0,0,0,0,,,2026-05-10T08:31:55+00:00,2026-05-10T08:31:55+00:00,active,780000.0
